Error_cld,Error_clr,clw_clr,clw_cld,channel
20.425055980682373,1.938862722231935,0.0,0.575,1
18.992266680819345,1.7298280391364846,0.0,0.40073188009052935,2
